{"cameraMode":{"drawMode":0,"name":"Shaded","section":"Shading Mode"},"sceneLighting":false,"audioPlay":false,"sceneViewState":{"showFog":true,"showMaterialUpdate":true,"showSkybox":false,"showFlares":true,"showImageEffects":true,"showParticleSystems":true},"in2DMode":false,"pivot":{"x":2.257894277572632,"y":-27.657787322998048,"z":-81.81137084960938},"rotation":{"x":-0.0008177708368748426,"y":-0.9884975552558899,"z":0.15122830867767335,"w":-0.005332397297024727},"size":38.090087890625,"orthographic":false}