{"cameraMode":{"drawMode":0,"name":"Shaded","section":"Shading Mode"},"sceneLighting":false,"audioPlay":false,"sceneViewState":{"showFog":true,"showMaterialUpdate":true,"showSkybox":false,"showFlares":true,"showImageEffects":true,"showParticleSystems":true},"in2DMode":false,"pivot":{"x":7.169633388519287,"y":-1.2284483909606934,"z":10.961013793945313},"rotation":{"x":0.1239478588104248,"y":0.092451311647892,"z":-0.011595400050282479,"w":0.9879205822944641},"size":3.2501227855682375,"orthographic":false}