{"cameraMode":{"drawMode":0,"name":"Shaded","section":"Shading Mode"},"sceneLighting":true,"audioPlay":false,"sceneViewState":{"showFog":true,"showMaterialUpdate":true,"showSkybox":true,"showFlares":true,"showImageEffects":true,"showParticleSystems":true},"in2DMode":false,"pivot":{"x":6.491605281829834,"y":-30.30211639404297,"z":-80.73538970947266},"rotation":{"x":-0.004462035372853279,"y":-0.9852861762046814,"z":0.16893938183784486,"w":-0.02601204626262188},"size":110.2267074584961,"orthographic":false}