{"cameraMode":{"drawMode":0,"name":"Shaded","section":"Shading Mode"},"sceneLighting":true,"audioPlay":false,"sceneViewState":{"showFog":true,"showMaterialUpdate":true,"showSkybox":true,"showFlares":true,"showImageEffects":true,"showParticleSystems":true},"in2DMode":false,"pivot":{"x":-1.5596314668655396,"y":-3.619898796081543,"z":35.929443359375},"rotation":{"x":0.09616190195083618,"y":-0.007157084532082081,"z":0.0006920673768036068,"w":0.9953614473342896},"size":49.923133850097659,"orthographic":false}